縣市 ID, 鄉鎮市區 ID, URL
北投區 , 1000001 , http://www.cec.gov.tw/zh_TW/P1/n100000100000000.html
士林區 , 1000002 , http://www.cec.gov.tw/zh_TW/P1/n100000200000000.html
大同區 , 1000003 , http://www.cec.gov.tw/zh_TW/P1/n100000300000000.html
中山區 , 1000004 , http://www.cec.gov.tw/zh_TW/P1/n100000400000000.html
松山區 , 1000005 , http://www.cec.gov.tw/zh_TW/P1/n100000500000000.html
內湖區 , 1000006 , http://www.cec.gov.tw/zh_TW/P1/n100000600000000.html
南港區 , 1000007 , http://www.cec.gov.tw/zh_TW/P1/n100000700000000.html
萬華區 , 1000008 , http://www.cec.gov.tw/zh_TW/P1/n100000800000000.html
中正區 , 1000009 , http://www.cec.gov.tw/zh_TW/P1/n100000900000000.html
大安區 , 1000010 , http://www.cec.gov.tw/zh_TW/P1/n100001000000000.html
信義區 , 1000011 , http://www.cec.gov.tw/zh_TW/P1/n100001100000000.html
文山區 , 1000012 , http://www.cec.gov.tw/zh_TW/P1/n100001200000000.html
石門區 , 2000001 , http://www.cec.gov.tw/zh_TW/P1/n200000100000000.html
三芝區 , 2000002 , http://www.cec.gov.tw/zh_TW/P1/n200000200000000.html
淡水區 , 2000003 , http://www.cec.gov.tw/zh_TW/P1/n200000300000000.html
八里區 , 2000004 , http://www.cec.gov.tw/zh_TW/P1/n200000400000000.html
林口區 , 2000005 , http://www.cec.gov.tw/zh_TW/P1/n200000500000000.html
泰山區 , 2000006 , http://www.cec.gov.tw/zh_TW/P1/n200000600000000.html
五股區 , 2000007 , http://www.cec.gov.tw/zh_TW/P1/n200000700000000.html
蘆洲區 , 2000008 , http://www.cec.gov.tw/zh_TW/P1/n200000800000000.html
三重區 , 2000009 , http://www.cec.gov.tw/zh_TW/P1/n200000900000000.html
新莊區 , 2000010 , http://www.cec.gov.tw/zh_TW/P1/n200001000000000.html
樹林區 , 2000011 , http://www.cec.gov.tw/zh_TW/P1/n200001100000000.html
鶯歌區 , 2000012 , http://www.cec.gov.tw/zh_TW/P1/n200001200000000.html
板橋區 , 2000013 , http://www.cec.gov.tw/zh_TW/P1/n200001300000000.html
中和區 , 2000014 , http://www.cec.gov.tw/zh_TW/P1/n200001400000000.html
永和區 , 2000015 , http://www.cec.gov.tw/zh_TW/P1/n200001500000000.html
土城區 , 2000016 , http://www.cec.gov.tw/zh_TW/P1/n200001600000000.html
三峽區 , 2000017 , http://www.cec.gov.tw/zh_TW/P1/n200001700000000.html
新店區 , 2000018 , http://www.cec.gov.tw/zh_TW/P1/n200001800000000.html
深坑區 , 2000019 , http://www.cec.gov.tw/zh_TW/P1/n200001900000000.html
石碇區 , 2000020 , http://www.cec.gov.tw/zh_TW/P1/n200002000000000.html
坪林區 , 2000021 , http://www.cec.gov.tw/zh_TW/P1/n200002100000000.html
烏來區 , 2000022 , http://www.cec.gov.tw/zh_TW/P1/n200002200000000.html
金山區 , 2000023 , http://www.cec.gov.tw/zh_TW/P1/n200002300000000.html
萬里區 , 2000024 , http://www.cec.gov.tw/zh_TW/P1/n200002400000000.html
汐止區 , 2000025 , http://www.cec.gov.tw/zh_TW/P1/n200002500000000.html
平溪區 , 2000026 , http://www.cec.gov.tw/zh_TW/P1/n200002600000000.html
瑞芳區 , 2000027 , http://www.cec.gov.tw/zh_TW/P1/n200002700000000.html
雙溪區 , 2000028 , http://www.cec.gov.tw/zh_TW/P1/n200002800000000.html
貢寮區 , 2000029 , http://www.cec.gov.tw/zh_TW/P1/n200002900000000.html
蘆竹區 , 3000001 , http://www.cec.gov.tw/zh_TW/P1/n300000100000000.html
龜山區 , 3000002 , http://www.cec.gov.tw/zh_TW/P1/n300000200000000.html
桃園區 , 3000003 , http://www.cec.gov.tw/zh_TW/P1/n300000300000000.html
大園區 , 3000004 , http://www.cec.gov.tw/zh_TW/P1/n300000400000000.html
觀音區 , 3000005 , http://www.cec.gov.tw/zh_TW/P1/n300000500000000.html
新屋區 , 3000006 , http://www.cec.gov.tw/zh_TW/P1/n300000600000000.html
楊梅區 , 3000007 , http://www.cec.gov.tw/zh_TW/P1/n300000700000000.html
中壢區 , 3000008 , http://www.cec.gov.tw/zh_TW/P1/n300000800000000.html
平鎮區 , 3000009 , http://www.cec.gov.tw/zh_TW/P1/n300000900000000.html
龍潭區 , 3000010 , http://www.cec.gov.tw/zh_TW/P1/n300001000000000.html
八德區 , 3000011 , http://www.cec.gov.tw/zh_TW/P1/n300001100000000.html
大溪區 , 3000012 , http://www.cec.gov.tw/zh_TW/P1/n300001200000000.html
復興區 , 3000013 , http://www.cec.gov.tw/zh_TW/P1/n300001300000000.html
大甲區 , 4000001 , http://www.cec.gov.tw/zh_TW/P1/n400000100000000.html
大安區 , 4000002 , http://www.cec.gov.tw/zh_TW/P1/n400000200000000.html
外埔區 , 4000003 , http://www.cec.gov.tw/zh_TW/P1/n400000300000000.html
清水區 , 4000004 , http://www.cec.gov.tw/zh_TW/P1/n400000400000000.html
梧棲區 , 4000005 , http://www.cec.gov.tw/zh_TW/P1/n400000500000000.html
沙鹿區 , 4000006 , http://www.cec.gov.tw/zh_TW/P1/n400000600000000.html
龍井區 , 4000007 , http://www.cec.gov.tw/zh_TW/P1/n400000700000000.html
大肚區 , 4000008 , http://www.cec.gov.tw/zh_TW/P1/n400000800000000.html
烏日區 , 4000009 , http://www.cec.gov.tw/zh_TW/P1/n400000900000000.html
霧峰區 , 4000010 , http://www.cec.gov.tw/zh_TW/P1/n400001000000000.html
大里區 , 4000011 , http://www.cec.gov.tw/zh_TW/P1/n400001100000000.html
后里區 , 4000012 , http://www.cec.gov.tw/zh_TW/P1/n400001200000000.html
神岡區 , 4000013 , http://www.cec.gov.tw/zh_TW/P1/n400001300000000.html
大雅區 , 4000014 , http://www.cec.gov.tw/zh_TW/P1/n400001400000000.html
潭子區 , 4000015 , http://www.cec.gov.tw/zh_TW/P1/n400001500000000.html
西屯區 , 4000016 , http://www.cec.gov.tw/zh_TW/P1/n400001600000000.html
南屯區 , 4000017 , http://www.cec.gov.tw/zh_TW/P1/n400001700000000.html
北屯區 , 4000018 , http://www.cec.gov.tw/zh_TW/P1/n400001800000000.html
北區 , 4000019 , http://www.cec.gov.tw/zh_TW/P1/n400001900000000.html
西區 , 4000020 , http://www.cec.gov.tw/zh_TW/P1/n400002000000000.html
中區 , 4000021 , http://www.cec.gov.tw/zh_TW/P1/n400002100000000.html
東區 , 4000022 , http://www.cec.gov.tw/zh_TW/P1/n400002200000000.html
南區 , 4000023 , http://www.cec.gov.tw/zh_TW/P1/n400002300000000.html
太平區 , 4000024 , http://www.cec.gov.tw/zh_TW/P1/n400002400000000.html
豐原區 , 4000025 , http://www.cec.gov.tw/zh_TW/P1/n400002500000000.html
石岡區 , 4000026 , http://www.cec.gov.tw/zh_TW/P1/n400002600000000.html
新社區 , 4000027 , http://www.cec.gov.tw/zh_TW/P1/n400002700000000.html
東勢區 , 4000028 , http://www.cec.gov.tw/zh_TW/P1/n400002800000000.html
和平區 , 4000029 , http://www.cec.gov.tw/zh_TW/P1/n400002900000000.html
後壁區 , 5000001 , http://www.cec.gov.tw/zh_TW/P1/n500000100000000.html
白河區 , 5000002 , http://www.cec.gov.tw/zh_TW/P1/n500000200000000.html
北門區 , 5000003 , http://www.cec.gov.tw/zh_TW/P1/n500000300000000.html
學甲區 , 5000004 , http://www.cec.gov.tw/zh_TW/P1/n500000400000000.html
鹽水區 , 5000005 , http://www.cec.gov.tw/zh_TW/P1/n500000500000000.html
新營區 , 5000006 , http://www.cec.gov.tw/zh_TW/P1/n500000600000000.html
柳營區 , 5000007 , http://www.cec.gov.tw/zh_TW/P1/n500000700000000.html
東山區 , 5000008 , http://www.cec.gov.tw/zh_TW/P1/n500000800000000.html
將軍區 , 5000009 , http://www.cec.gov.tw/zh_TW/P1/n500000900000000.html
下營區 , 5000010 , http://www.cec.gov.tw/zh_TW/P1/n500001000000000.html
六甲區 , 5000011 , http://www.cec.gov.tw/zh_TW/P1/n500001100000000.html
官田區 , 5000012 , http://www.cec.gov.tw/zh_TW/P1/n500001200000000.html
七股區 , 5000013 , http://www.cec.gov.tw/zh_TW/P1/n500001300000000.html
佳里區 , 5000014 , http://www.cec.gov.tw/zh_TW/P1/n500001400000000.html
麻豆區 , 5000015 , http://www.cec.gov.tw/zh_TW/P1/n500001500000000.html
善化區 , 5000016 , http://www.cec.gov.tw/zh_TW/P1/n500001600000000.html
大內區 , 5000017 , http://www.cec.gov.tw/zh_TW/P1/n500001700000000.html
玉井區 , 5000018 , http://www.cec.gov.tw/zh_TW/P1/n500001800000000.html
楠西區 , 5000019 , http://www.cec.gov.tw/zh_TW/P1/n500001900000000.html
西港區 , 5000020 , http://www.cec.gov.tw/zh_TW/P1/n500002000000000.html
安定區 , 5000021 , http://www.cec.gov.tw/zh_TW/P1/n500002100000000.html
新市區 , 5000022 , http://www.cec.gov.tw/zh_TW/P1/n500002200000000.html
山上區 , 5000023 , http://www.cec.gov.tw/zh_TW/P1/n500002300000000.html
新化區 , 5000024 , http://www.cec.gov.tw/zh_TW/P1/n500002400000000.html
左鎮區 , 5000025 , http://www.cec.gov.tw/zh_TW/P1/n500002500000000.html
南化區 , 5000026 , http://www.cec.gov.tw/zh_TW/P1/n500002600000000.html
安南區 , 5000027 , http://www.cec.gov.tw/zh_TW/P1/n500002700000000.html
北區 , 5000028 , http://www.cec.gov.tw/zh_TW/P1/n500002800000000.html
中西區 , 5000029 , http://www.cec.gov.tw/zh_TW/P1/n500002900000000.html
安平區 , 5000030 , http://www.cec.gov.tw/zh_TW/P1/n500003000000000.html
南區 , 5000031 , http://www.cec.gov.tw/zh_TW/P1/n500003100000000.html
東區 , 5000032 , http://www.cec.gov.tw/zh_TW/P1/n500003200000000.html
永康區 , 5000033 , http://www.cec.gov.tw/zh_TW/P1/n500003300000000.html
仁德區 , 5000034 , http://www.cec.gov.tw/zh_TW/P1/n500003400000000.html
歸仁區 , 5000035 , http://www.cec.gov.tw/zh_TW/P1/n500003500000000.html
關廟區 , 5000036 , http://www.cec.gov.tw/zh_TW/P1/n500003600000000.html
龍崎區 , 5000037 , http://www.cec.gov.tw/zh_TW/P1/n500003700000000.html
桃源區 , 6000001 , http://www.cec.gov.tw/zh_TW/P1/n600000100000000.html
那瑪夏區 , 6000002 , http://www.cec.gov.tw/zh_TW/P1/n600000200000000.html
甲仙區 , 6000003 , http://www.cec.gov.tw/zh_TW/P1/n600000300000000.html
六龜區 , 6000004 , http://www.cec.gov.tw/zh_TW/P1/n600000400000000.html
杉林區 , 6000005 , http://www.cec.gov.tw/zh_TW/P1/n600000500000000.html
內門區 , 6000006 , http://www.cec.gov.tw/zh_TW/P1/n600000600000000.html
旗山區 , 6000007 , http://www.cec.gov.tw/zh_TW/P1/n600000700000000.html
美濃區 , 6000008 , http://www.cec.gov.tw/zh_TW/P1/n600000800000000.html
茂林區 , 6000009 , http://www.cec.gov.tw/zh_TW/P1/n600000900000000.html
阿蓮區 , 6000010 , http://www.cec.gov.tw/zh_TW/P1/n600001000000000.html
田寮區 , 6000011 , http://www.cec.gov.tw/zh_TW/P1/n600001100000000.html
燕巢區 , 6000012 , http://www.cec.gov.tw/zh_TW/P1/n600001200000000.html
大社區 , 6000013 , http://www.cec.gov.tw/zh_TW/P1/n600001300000000.html
大樹區 , 6000014 , http://www.cec.gov.tw/zh_TW/P1/n600001400000000.html
茄萣區 , 6000015 , http://www.cec.gov.tw/zh_TW/P1/n600001500000000.html
湖內區 , 6000016 , http://www.cec.gov.tw/zh_TW/P1/n600001600000000.html
路竹區 , 6000017 , http://www.cec.gov.tw/zh_TW/P1/n600001700000000.html
永安區 , 6000018 , http://www.cec.gov.tw/zh_TW/P1/n600001800000000.html
岡山區 , 6000019 , http://www.cec.gov.tw/zh_TW/P1/n600001900000000.html
彌陀區 , 6000020 , http://www.cec.gov.tw/zh_TW/P1/n600002000000000.html
梓官區 , 6000021 , http://www.cec.gov.tw/zh_TW/P1/n600002100000000.html
橋頭區 , 6000022 , http://www.cec.gov.tw/zh_TW/P1/n600002200000000.html
楠梓區 , 6000023 , http://www.cec.gov.tw/zh_TW/P1/n600002300000000.html
左營區 , 6000024 , http://www.cec.gov.tw/zh_TW/P1/n600002400000000.html
仁武區 , 6000025 , http://www.cec.gov.tw/zh_TW/P1/n600002500000000.html
鳥松區 , 6000026 , http://www.cec.gov.tw/zh_TW/P1/n600002600000000.html
大寮區 , 6000027 , http://www.cec.gov.tw/zh_TW/P1/n600002700000000.html
林園區 , 6000028 , http://www.cec.gov.tw/zh_TW/P1/n600002800000000.html
鼓山區 , 6000029 , http://www.cec.gov.tw/zh_TW/P1/n600002900000000.html
鹽埕區 , 6000030 , http://www.cec.gov.tw/zh_TW/P1/n600003000000000.html
旗津區 , 6000031 , http://www.cec.gov.tw/zh_TW/P1/n600003100000000.html
三民區 , 6000032 , http://www.cec.gov.tw/zh_TW/P1/n600003200000000.html
前金區 , 6000033 , http://www.cec.gov.tw/zh_TW/P1/n600003300000000.html
新興區 , 6000034 , http://www.cec.gov.tw/zh_TW/P1/n600003400000000.html
苓雅區 , 6000035 , http://www.cec.gov.tw/zh_TW/P1/n600003500000000.html
前鎮區 , 6000036 , http://www.cec.gov.tw/zh_TW/P1/n600003600000000.html
鳳山區 , 6000037 , http://www.cec.gov.tw/zh_TW/P1/n600003700000000.html
小港區 , 6000038 , http://www.cec.gov.tw/zh_TW/P1/n600003800000000.html
宜蘭市 , 7080001 , http://www.cec.gov.tw/zh_TW/P1/n708000100000000.html
羅東鎮 , 7080002 , http://www.cec.gov.tw/zh_TW/P1/n708000200000000.html
蘇澳鎮 , 7080003 , http://www.cec.gov.tw/zh_TW/P1/n708000300000000.html
頭城鎮 , 7080004 , http://www.cec.gov.tw/zh_TW/P1/n708000400000000.html
礁溪鄉 , 7080005 , http://www.cec.gov.tw/zh_TW/P1/n708000500000000.html
壯圍鄉 , 7080006 , http://www.cec.gov.tw/zh_TW/P1/n708000600000000.html
員山鄉 , 7080007 , http://www.cec.gov.tw/zh_TW/P1/n708000700000000.html
冬山鄉 , 7080008 , http://www.cec.gov.tw/zh_TW/P1/n708000800000000.html
五結鄉 , 7080009 , http://www.cec.gov.tw/zh_TW/P1/n708000900000000.html
三星鄉 , 7080010 , http://www.cec.gov.tw/zh_TW/P1/n708001000000000.html
大同鄉 , 7080011 , http://www.cec.gov.tw/zh_TW/P1/n708001100000000.html
南澳鄉 , 7080012 , http://www.cec.gov.tw/zh_TW/P1/n708001200000000.html
竹北市 , 7010001 , http://www.cec.gov.tw/zh_TW/P1/n701000100000000.html
竹東鎮 , 7010002 , http://www.cec.gov.tw/zh_TW/P1/n701000200000000.html
新埔鎮 , 7010003 , http://www.cec.gov.tw/zh_TW/P1/n701000300000000.html
關西鎮 , 7010004 , http://www.cec.gov.tw/zh_TW/P1/n701000400000000.html
湖口鄉 , 7010005 , http://www.cec.gov.tw/zh_TW/P1/n701000500000000.html
新豐鄉 , 7010006 , http://www.cec.gov.tw/zh_TW/P1/n701000600000000.html
芎林鄉 , 7010007 , http://www.cec.gov.tw/zh_TW/P1/n701000700000000.html
橫山鄉 , 7010008 , http://www.cec.gov.tw/zh_TW/P1/n701000800000000.html
北埔鄉 , 7010009 , http://www.cec.gov.tw/zh_TW/P1/n701000900000000.html
寶山鄉 , 7010010 , http://www.cec.gov.tw/zh_TW/P1/n701001000000000.html
峨眉鄉 , 7010011 , http://www.cec.gov.tw/zh_TW/P1/n701001100000000.html
尖石鄉 , 7010012 , http://www.cec.gov.tw/zh_TW/P1/n701001200000000.html
五峰鄉 , 7010013 , http://www.cec.gov.tw/zh_TW/P1/n701001300000000.html
竹南鎮 , 7020001 , http://www.cec.gov.tw/zh_TW/P1/n702000100000000.html
造橋鄉 , 7020002 , http://www.cec.gov.tw/zh_TW/P1/n702000200000000.html
後龍鎮 , 7020003 , http://www.cec.gov.tw/zh_TW/P1/n702000300000000.html
西湖鄉 , 7020004 , http://www.cec.gov.tw/zh_TW/P1/n702000400000000.html
通霄鎮 , 7020005 , http://www.cec.gov.tw/zh_TW/P1/n702000500000000.html
銅鑼鄉 , 7020006 , http://www.cec.gov.tw/zh_TW/P1/n702000600000000.html
苑裡鎮 , 7020007 , http://www.cec.gov.tw/zh_TW/P1/n702000700000000.html
三義鄉 , 7020008 , http://www.cec.gov.tw/zh_TW/P1/n702000800000000.html
頭份市 , 7020009 , http://www.cec.gov.tw/zh_TW/P1/n702000900000000.html
三灣鄉 , 7020010 , http://www.cec.gov.tw/zh_TW/P1/n702001000000000.html
南庄鄉 , 7020011 , http://www.cec.gov.tw/zh_TW/P1/n702001100000000.html
苗栗市 , 7020012 , http://www.cec.gov.tw/zh_TW/P1/n702001200000000.html
頭屋鄉 , 7020013 , http://www.cec.gov.tw/zh_TW/P1/n702001300000000.html
獅潭鄉 , 7020014 , http://www.cec.gov.tw/zh_TW/P1/n702001400000000.html
公館鄉 , 7020015 , http://www.cec.gov.tw/zh_TW/P1/n702001500000000.html
大湖鄉 , 7020016 , http://www.cec.gov.tw/zh_TW/P1/n702001600000000.html
泰安鄉 , 7020017 , http://www.cec.gov.tw/zh_TW/P1/n702001700000000.html
卓蘭鎮 , 7020018 , http://www.cec.gov.tw/zh_TW/P1/n702001800000000.html
伸港鄉 , 7030001 , http://www.cec.gov.tw/zh_TW/P1/n703000100000000.html
線西鄉 , 7030002 , http://www.cec.gov.tw/zh_TW/P1/n703000200000000.html
和美鎮 , 7030003 , http://www.cec.gov.tw/zh_TW/P1/n703000300000000.html
鹿港鎮 , 7030004 , http://www.cec.gov.tw/zh_TW/P1/n703000400000000.html
褔興鄉 , 7030005 , http://www.cec.gov.tw/zh_TW/P1/n703000500000000.html
秀水鄉 , 7030006 , http://www.cec.gov.tw/zh_TW/P1/n703000600000000.html
彰化市 , 7030007 , http://www.cec.gov.tw/zh_TW/P1/n703000700000000.html
花壇鄉 , 7030008 , http://www.cec.gov.tw/zh_TW/P1/n703000800000000.html
芬園鄉 , 7030009 , http://www.cec.gov.tw/zh_TW/P1/n703000900000000.html
芳苑鄉 , 7030010 , http://www.cec.gov.tw/zh_TW/P1/n703001000000000.html
二林鎮 , 7030011 , http://www.cec.gov.tw/zh_TW/P1/n703001100000000.html
埔鹽鄉 , 7030012 , http://www.cec.gov.tw/zh_TW/P1/n703001200000000.html
溪湖鎮 , 7030013 , http://www.cec.gov.tw/zh_TW/P1/n703001300000000.html
埔心鄉 , 7030014 , http://www.cec.gov.tw/zh_TW/P1/n703001400000000.html
大城鄉 , 7030015 , http://www.cec.gov.tw/zh_TW/P1/n703001500000000.html
竹塘鄉 , 7030016 , http://www.cec.gov.tw/zh_TW/P1/n703001600000000.html
埤頭鄉 , 7030017 , http://www.cec.gov.tw/zh_TW/P1/n703001700000000.html
北斗鎮 , 7030018 , http://www.cec.gov.tw/zh_TW/P1/n703001800000000.html
溪州鄉 , 7030019 , http://www.cec.gov.tw/zh_TW/P1/n703001900000000.html
大村鄉 , 7030020 , http://www.cec.gov.tw/zh_TW/P1/n703002000000000.html
員林市 , 7030021 , http://www.cec.gov.tw/zh_TW/P1/n703002100000000.html
永靖鄉 , 7030022 , http://www.cec.gov.tw/zh_TW/P1/n703002200000000.html
社頭鄉 , 7030023 , http://www.cec.gov.tw/zh_TW/P1/n703002300000000.html
田尾鄉 , 7030024 , http://www.cec.gov.tw/zh_TW/P1/n703002400000000.html
田中鎮 , 7030025 , http://www.cec.gov.tw/zh_TW/P1/n703002500000000.html
二水鄉 , 7030026 , http://www.cec.gov.tw/zh_TW/P1/n703002600000000.html
草屯鎮 , 7040001 , http://www.cec.gov.tw/zh_TW/P1/n704000100000000.html
國姓鄉 , 7040002 , http://www.cec.gov.tw/zh_TW/P1/n704000200000000.html
埔里鎮 , 7040003 , http://www.cec.gov.tw/zh_TW/P1/n704000300000000.html
仁愛鄉 , 7040004 , http://www.cec.gov.tw/zh_TW/P1/n704000400000000.html
中寮鄉 , 7040005 , http://www.cec.gov.tw/zh_TW/P1/n704000500000000.html
魚池鄉 , 7040006 , http://www.cec.gov.tw/zh_TW/P1/n704000600000000.html
南投市 , 7040007 , http://www.cec.gov.tw/zh_TW/P1/n704000700000000.html
名間鄉 , 7040008 , http://www.cec.gov.tw/zh_TW/P1/n704000800000000.html
集集鎮 , 7040009 , http://www.cec.gov.tw/zh_TW/P1/n704000900000000.html
竹山鎮 , 7040010 , http://www.cec.gov.tw/zh_TW/P1/n704001000000000.html
鹿谷鄉 , 7040011 , http://www.cec.gov.tw/zh_TW/P1/n704001100000000.html
水里鄉 , 7040012 , http://www.cec.gov.tw/zh_TW/P1/n704001200000000.html
信義鄉 , 7040013 , http://www.cec.gov.tw/zh_TW/P1/n704001300000000.html
麥寮鄉 , 7050001 , http://www.cec.gov.tw/zh_TW/P1/n705000100000000.html
臺西鄉 , 7050002 , http://www.cec.gov.tw/zh_TW/P1/n705000200000000.html
東勢鄉 , 7050003 , http://www.cec.gov.tw/zh_TW/P1/n705000300000000.html
褒忠鄉 , 7050004 , http://www.cec.gov.tw/zh_TW/P1/n705000400000000.html
土庫鎮 , 7050005 , http://www.cec.gov.tw/zh_TW/P1/n705000500000000.html
虎尾鎮 , 7050006 , http://www.cec.gov.tw/zh_TW/P1/n705000600000000.html
四湖鄉 , 7050007 , http://www.cec.gov.tw/zh_TW/P1/n705000700000000.html
元長鄉 , 7050008 , http://www.cec.gov.tw/zh_TW/P1/n705000800000000.html
口湖鄉 , 7050009 , http://www.cec.gov.tw/zh_TW/P1/n705000900000000.html
水林鄉 , 7050010 , http://www.cec.gov.tw/zh_TW/P1/n705001000000000.html
北港鎮 , 7050011 , http://www.cec.gov.tw/zh_TW/P1/n705001100000000.html
崙背鄉 , 7050012 , http://www.cec.gov.tw/zh_TW/P1/n705001200000000.html
二崙鄉 , 7050013 , http://www.cec.gov.tw/zh_TW/P1/n705001300000000.html
西螺鎮 , 7050014 , http://www.cec.gov.tw/zh_TW/P1/n705001400000000.html
莿桐鄉 , 7050015 , http://www.cec.gov.tw/zh_TW/P1/n705001500000000.html
林內鄉 , 7050016 , http://www.cec.gov.tw/zh_TW/P1/n705001600000000.html
斗六市 , 7050017 , http://www.cec.gov.tw/zh_TW/P1/n705001700000000.html
大埤鄉 , 7050018 , http://www.cec.gov.tw/zh_TW/P1/n705001800000000.html
斗南鎮 , 7050019 , http://www.cec.gov.tw/zh_TW/P1/n705001900000000.html
古坑鄉 , 7050020 , http://www.cec.gov.tw/zh_TW/P1/n705002000000000.html
六腳鄉 , 7060001 , http://www.cec.gov.tw/zh_TW/P1/n706000100000000.html
東石鄉 , 7060002 , http://www.cec.gov.tw/zh_TW/P1/n706000200000000.html
朴子市 , 7060003 , http://www.cec.gov.tw/zh_TW/P1/n706000300000000.html
太保市 , 7060004 , http://www.cec.gov.tw/zh_TW/P1/n706000400000000.html
布袋鎮 , 7060005 , http://www.cec.gov.tw/zh_TW/P1/n706000500000000.html
義竹鄉 , 7060006 , http://www.cec.gov.tw/zh_TW/P1/n706000600000000.html
鹿草鄉 , 7060007 , http://www.cec.gov.tw/zh_TW/P1/n706000700000000.html
水上鄉 , 7060008 , http://www.cec.gov.tw/zh_TW/P1/n706000800000000.html
溪口鄉 , 7060009 , http://www.cec.gov.tw/zh_TW/P1/n706000900000000.html
大林鎮 , 7060010 , http://www.cec.gov.tw/zh_TW/P1/n706001000000000.html
梅山鄉 , 7060011 , http://www.cec.gov.tw/zh_TW/P1/n706001100000000.html
新港鄉 , 7060012 , http://www.cec.gov.tw/zh_TW/P1/n706001200000000.html
民雄鄉 , 7060013 , http://www.cec.gov.tw/zh_TW/P1/n706001300000000.html
竹崎鄉 , 7060014 , http://www.cec.gov.tw/zh_TW/P1/n706001400000000.html
中埔鄉 , 7060015 , http://www.cec.gov.tw/zh_TW/P1/n706001500000000.html
番路鄉 , 7060016 , http://www.cec.gov.tw/zh_TW/P1/n706001600000000.html
阿里山鄉 , 7060017 , http://www.cec.gov.tw/zh_TW/P1/n706001700000000.html
大埔鄉 , 7060018 , http://www.cec.gov.tw/zh_TW/P1/n706001800000000.html
里港鄉 , 7070001 , http://www.cec.gov.tw/zh_TW/P1/n707000100000000.html
高樹鄉 , 7070002 , http://www.cec.gov.tw/zh_TW/P1/n707000200000000.html
三地門鄉 , 7070003 , http://www.cec.gov.tw/zh_TW/P1/n707000300000000.html
霧臺鄉 , 7070004 , http://www.cec.gov.tw/zh_TW/P1/n707000400000000.html
九如鄉 , 7070005 , http://www.cec.gov.tw/zh_TW/P1/n707000500000000.html
鹽埔鄉 , 7070006 , http://www.cec.gov.tw/zh_TW/P1/n707000600000000.html
長治鄉 , 7070007 , http://www.cec.gov.tw/zh_TW/P1/n707000700000000.html
內埔鄉 , 7070008 , http://www.cec.gov.tw/zh_TW/P1/n707000800000000.html
瑪家鄉 , 7070009 , http://www.cec.gov.tw/zh_TW/P1/n707000900000000.html
泰武鄉 , 7070010 , http://www.cec.gov.tw/zh_TW/P1/n707001000000000.html
竹田鄉 , 7070011 , http://www.cec.gov.tw/zh_TW/P1/n707001100000000.html
萬巒鄉 , 7070012 , http://www.cec.gov.tw/zh_TW/P1/n707001200000000.html
潮州鎮 , 7070013 , http://www.cec.gov.tw/zh_TW/P1/n707001300000000.html
屏東市 , 7070014 , http://www.cec.gov.tw/zh_TW/P1/n707001400000000.html
麟洛鄉 , 7070015 , http://www.cec.gov.tw/zh_TW/P1/n707001500000000.html
萬丹鄉 , 7070016 , http://www.cec.gov.tw/zh_TW/P1/n707001600000000.html
新園鄉 , 7070017 , http://www.cec.gov.tw/zh_TW/P1/n707001700000000.html
崁頂鄉 , 7070018 , http://www.cec.gov.tw/zh_TW/P1/n707001800000000.html
南州鄉 , 7070019 , http://www.cec.gov.tw/zh_TW/P1/n707001900000000.html
新埤鄉 , 7070020 , http://www.cec.gov.tw/zh_TW/P1/n707002000000000.html
來義鄉 , 7070021 , http://www.cec.gov.tw/zh_TW/P1/n707002100000000.html
東港鎮 , 7070022 , http://www.cec.gov.tw/zh_TW/P1/n707002200000000.html
林邊鄉 , 7070023 , http://www.cec.gov.tw/zh_TW/P1/n707002300000000.html
佳冬鄉 , 7070024 , http://www.cec.gov.tw/zh_TW/P1/n707002400000000.html
枋寮鄉 , 7070025 , http://www.cec.gov.tw/zh_TW/P1/n707002500000000.html
春日鄉 , 7070026 , http://www.cec.gov.tw/zh_TW/P1/n707002600000000.html
枋山鄉 , 7070027 , http://www.cec.gov.tw/zh_TW/P1/n707002700000000.html
獅子鄉 , 7070028 , http://www.cec.gov.tw/zh_TW/P1/n707002800000000.html
牡丹鄉 , 7070029 , http://www.cec.gov.tw/zh_TW/P1/n707002900000000.html
車城鄉 , 7070030 , http://www.cec.gov.tw/zh_TW/P1/n707003000000000.html
滿州鄉 , 7070031 , http://www.cec.gov.tw/zh_TW/P1/n707003100000000.html
恆春鎮 , 7070032 , http://www.cec.gov.tw/zh_TW/P1/n707003200000000.html
琉球鄉 , 7070033 , http://www.cec.gov.tw/zh_TW/P1/n707003300000000.html
臺東市 , 7100001 , http://www.cec.gov.tw/zh_TW/P1/n710000100000000.html
成功鎮 , 7100002 , http://www.cec.gov.tw/zh_TW/P1/n710000200000000.html
關山鎮 , 7100003 , http://www.cec.gov.tw/zh_TW/P1/n710000300000000.html
卑南鄉 , 7100004 , http://www.cec.gov.tw/zh_TW/P1/n710000400000000.html
鹿野鄉 , 7100005 , http://www.cec.gov.tw/zh_TW/P1/n710000500000000.html
池上鄉 , 7100006 , http://www.cec.gov.tw/zh_TW/P1/n710000600000000.html
東河鄉 , 7100007 , http://www.cec.gov.tw/zh_TW/P1/n710000700000000.html
長濱鄉 , 7100008 , http://www.cec.gov.tw/zh_TW/P1/n710000800000000.html
太麻里鄉 , 7100009 , http://www.cec.gov.tw/zh_TW/P1/n710000900000000.html
大武鄉 , 7100010 , http://www.cec.gov.tw/zh_TW/P1/n710001000000000.html
綠島鄉 , 7100011 , http://www.cec.gov.tw/zh_TW/P1/n710001100000000.html
海端鄉 , 7100012 , http://www.cec.gov.tw/zh_TW/P1/n710001200000000.html
延平鄉 , 7100013 , http://www.cec.gov.tw/zh_TW/P1/n710001300000000.html
金峰鄉 , 7100014 , http://www.cec.gov.tw/zh_TW/P1/n710001400000000.html
達仁鄉 , 7100015 , http://www.cec.gov.tw/zh_TW/P1/n710001500000000.html
蘭嶼鄉 , 7100016 , http://www.cec.gov.tw/zh_TW/P1/n710001600000000.html
花蓮市 , 7090001 , http://www.cec.gov.tw/zh_TW/P1/n709000100000000.html
新城鄉 , 7090002 , http://www.cec.gov.tw/zh_TW/P1/n709000200000000.html
秀林鄉 , 7090003 , http://www.cec.gov.tw/zh_TW/P1/n709000300000000.html
吉安鄉 , 7090004 , http://www.cec.gov.tw/zh_TW/P1/n709000400000000.html
壽豐鄉 , 7090005 , http://www.cec.gov.tw/zh_TW/P1/n709000500000000.html
鳳林鎮 , 7090006 , http://www.cec.gov.tw/zh_TW/P1/n709000600000000.html
光復鄉 , 7090007 , http://www.cec.gov.tw/zh_TW/P1/n709000700000000.html
豐濱鄉 , 7090008 , http://www.cec.gov.tw/zh_TW/P1/n709000800000000.html
萬榮鄉 , 7090009 , http://www.cec.gov.tw/zh_TW/P1/n709000900000000.html
瑞穗鄉 , 7090010 , http://www.cec.gov.tw/zh_TW/P1/n709001000000000.html
玉里鎮 , 7090011 , http://www.cec.gov.tw/zh_TW/P1/n709001100000000.html
富里鄉 , 7090012 , http://www.cec.gov.tw/zh_TW/P1/n709001200000000.html
卓溪鄉 , 7090013 , http://www.cec.gov.tw/zh_TW/P1/n709001300000000.html
馬公市 , 7110001 , http://www.cec.gov.tw/zh_TW/P1/n711000100000000.html
湖西鄉 , 7110002 , http://www.cec.gov.tw/zh_TW/P1/n711000200000000.html
白沙鄉 , 7110003 , http://www.cec.gov.tw/zh_TW/P1/n711000300000000.html
西嶼鄉 , 7110004 , http://www.cec.gov.tw/zh_TW/P1/n711000400000000.html
望安鄉 , 7110005 , http://www.cec.gov.tw/zh_TW/P1/n711000500000000.html
七美鄉 , 7110006 , http://www.cec.gov.tw/zh_TW/P1/n711000600000000.html
中正區 , 7120001 , http://www.cec.gov.tw/zh_TW/P1/n712000100000000.html
信義區 , 7120002 , http://www.cec.gov.tw/zh_TW/P1/n712000200000000.html
仁愛區 , 7120003 , http://www.cec.gov.tw/zh_TW/P1/n712000300000000.html
中山區 , 7120004 , http://www.cec.gov.tw/zh_TW/P1/n712000400000000.html
安樂區 , 7120005 , http://www.cec.gov.tw/zh_TW/P1/n712000500000000.html
暖暖區 , 7120006 , http://www.cec.gov.tw/zh_TW/P1/n712000600000000.html
七堵區 , 7120007 , http://www.cec.gov.tw/zh_TW/P1/n712000700000000.html
東區 , 7130001 , http://www.cec.gov.tw/zh_TW/P1/n713000100000000.html
北區 , 7130002 , http://www.cec.gov.tw/zh_TW/P1/n713000200000000.html
香山區 , 7130003 , http://www.cec.gov.tw/zh_TW/P1/n713000300000000.html
東區 , 7140001 , http://www.cec.gov.tw/zh_TW/P1/n714000100000000.html
西區 , 7140002 , http://www.cec.gov.tw/zh_TW/P1/n714000200000000.html
金城鎮 , 8010001 , http://www.cec.gov.tw/zh_TW/P1/n801000100000000.html
金寧鄉 , 8010002 , http://www.cec.gov.tw/zh_TW/P1/n801000200000000.html
烈嶼鄉 , 8010003 , http://www.cec.gov.tw/zh_TW/P1/n801000300000000.html
烏坵鄉 , 8010004 , http://www.cec.gov.tw/zh_TW/P1/n801000400000000.html
金湖鎮 , 8010005 , http://www.cec.gov.tw/zh_TW/P1/n801000500000000.html
金沙鎮 , 8010006 , http://www.cec.gov.tw/zh_TW/P1/n801000600000000.html
南竿鄉 , 8020001 , http://www.cec.gov.tw/zh_TW/P1/n802000100000000.html
北竿鄉 , 8020002 , http://www.cec.gov.tw/zh_TW/P1/n802000200000000.html
莒光鄉 , 8020003 , http://www.cec.gov.tw/zh_TW/P1/n802000300000000.html
東引鄉 , 8020004 , http://www.cec.gov.tw/zh_TW/P1/n802000400000000.html
