author,img_urls,title,youtube_urls,datetime,content,article_url,provider
,,蔡正元：陸客減量 綠營的夢終於實現了,,,,/news/story/1/1531339,
,,美麗華堅持不退 國軍「逸園」促參案延命,,,,/news/story/1/1531276,
,,三官精華寶地 國防部爭取留用,,,,/news/story/1/1531275,
,,家扶：弱勢童的教育協助 不能只給錢,,,,/news/story/1/1531214,
,,國民黨中央黨部被丟汽油彈 馬：散播仇恨激化對立,,,,/news/story/1/1530707,
,,社子島開發投票「生態」案勝出 支持率近6成,,,,/news/story/6655/1531190-社子島開發投票「生態」案勝出-支持率近6成,
,,柯文哲：生態社子島 是方向非方案,,,,/news/story/6655/1531197-柯文哲：生態社子島-是方向非方案,
,,「生態」案規劃…景觀宅、親水廊帶、環狀輕軌,,,,/news/story/6655/1531200-「生態」案規劃…景觀宅、親水廊帶、環狀輕軌,
,,單車衝雙塔／靠意志強撐 柯文哲：盡力了,,,,/news/story/6655/1530055-單車衝雙塔／靠意志強撐-柯文哲：盡力了,
,,單車衝雙塔／超極限運動 醫：切勿輕試,,,,/news/story/6655/1530056-單車衝雙塔／超極限運動-醫：切勿輕試,
,,分散觀光人流 綠委提中正紀念堂改「故宮分館」,,,,/news/story/7835/1531011-分散觀光人流-綠委提中正紀念堂改「故宮分館」,
,,228療傷止痛 馬總統：類似事件不能重演,,,,/news/story/7835/1531142-228療傷止痛-馬總統：類似事件不能重演,
,,蔡英文：召開真相與和解委員會,,,,/news/story/7835/1531136-蔡英文：召開真相與和解委員會,
,,蔡將設「真相與和解委員會」 藍憂政治清算,,,,/news/story/7835/1531137-蔡將設「真相與和解委員會」-藍憂政治清算,
,,柯文哲憶祖父 數度哽咽哭泣,,,,/news/story/7835/1531141-柯文哲憶祖父-數度哽咽哭泣,
,,翻轉貧兒 蔡英文拋「教育發展帳戶」,,,,/news/story/9485/1531196-翻轉貧兒-蔡英文拋「教育發展帳戶」,
,,蔡英文推「教育帳戶」 助貧18歲上大學,,,,/news/story/9485/1531201-蔡英文推「教育帳戶」-助貧18歲上大學,
,,張盛和：新政策由新財長負責找財源,,,,/news/story/9485/1531203-張盛和：新政策由新財長負責找財源,
,,專家觀點／社福團體：要幫孩子管好帳戶,,,,/news/story/9485/1531204-專家觀點／社福團體：要幫孩子管好帳戶,
,,現況如何／衛福部：現在就有脫貧方案,,,,/news/story/9485/1531205-現況如何／衛福部：現在就有脫貧方案,
,,艋舺公園遊民聚 不孝子500元打發老父到這兒生活,,,,/news/story/9520/1531194-艋舺公園遊民聚-不孝子500元打發老父到這兒生活,
,,愛心捐助源源不絕 別拖住街友回歸社會腳步,,,,/news/story/9520/1531191-愛心捐助源源不絕-別拖住街友回歸社會腳步,
,,萬華街友僅數百人 辦千桌尾牙引誤解 ,,,,/news/story/9520/1531195-萬華街友僅數百人-辦千桌尾牙引誤解-,
,,幫街友找出路…當導覽員 細說台北風華,,,,/news/story/9520/1531199-幫街友找出路…當導覽員-細說台北風華,
,,土壤液化？ 六輕：絕對不可能,,,,/news/story/9446/1530941-土壤液化？-六輕：絕對不可能,
,,六輕廠房「鋼」結構 地震沒在怕,,,,/news/story/9446/1530945-六輕廠房「鋼」結構-地震沒在怕,
,,台南各校圖書館震後書架排排倒 志工忙收拾,,,,/news/story/9446/1530980-台南各校圖書館震後書架排排倒-志工忙收拾,
,,新北社會住宅 震後健檢無虞,,,,/news/story/9446/1531013-新北社會住宅-震後健檢無虞,
,,彰縣5樓以上建物 優先耐震評估,,,,/news/story/9446/1530931-彰縣5樓以上建物-優先耐震評估,
,,評論 ／基隆市長，您早該怒了,,,,/news/story/6656/1530908-評論-／基隆市長，您早該怒了,
,,民進黨彰縣黨部主委改選 3大咖角逐,,,,/news/story/6656/1530874-民進黨彰縣黨部主委改選-3大咖角逐,
,,江西99歲老兵收抗戰紀念章 寫信感謝中華民國,,,,/news/story/6656/1529643-江西99歲老兵收抗戰紀念章-寫信感謝中華民國,
,,實踐大學展排灣族石板屋 說明牌竟稱原民「野人」,,,,/news/story/7314/1531163-實踐大學展排灣族石板屋-說明牌竟稱原民「野人」,
,,北京廟會文宣 用「火星文」介紹台灣,,,,/news/story/7314/1531167-北京廟會文宣-用「火星文」介紹台灣,
,,中歐攝影之旅 大師貼身指導,,,,/news/story/7314/1531188-中歐攝影之旅-大師貼身指導,
,,英語名師瑪爾蔻梁 91歲病逝,,,,/news/story/7314/1530018-英語名師瑪爾蔻梁-91歲病逝,
,,無私的愛 薛奶奶牽引部落孩子前行,,,,/news/story/7314/1530026-無私的愛-薛奶奶牽引部落孩子前行,
,,中歐攝影之旅 大師貼身指導,,,,/news/story/7314/1531188,
,,實踐大學展排灣族石板屋 說明牌竟稱原民「野人」,,,,/news/story/7314/1531163,
,,北京廟會文宣 用「火星文」介紹台灣,,,,/news/story/7314/1531167,
,,民進黨彰縣黨部主委改選 3大咖角逐,,,,/news/story/6656/1530874,
,,評論 ／基隆市長，您早該怒了,,,,/news/story/6656/1530908,
,,看好蟬連！ 原民孩子棄賽 為薛奶奶唱別,,,,/news/story/7314/1530031,
,,分散觀光人流 綠委提中正紀念堂改「故宮分館」,,,,/news/story/7835/1531011,
,,艋舺公園遊民聚 不孝子500元打發老父到這兒生...,,,,/news/story/9520/1531194,
,,壟斷式正義！誰在228傷口灑鹽？,,,,/news/story/7835/1530012,
,,評論 ／基隆市長，您早該怒了,,,,/news/story/6656/1530908,
